id,price,area,bedrooms,bathrooms,stories,mainroad,guestroom,basement,hotwaterheating,airconditioning,prefarea,parking,area_per_bedroom,bathroom_to_bedroom_ratio,luxury_indicator,furnishingstatus_semi-furnished,furnishingstatus_unfurnished
1,13300000.0,7420,4,2.0,3,1,0,0,0,1,1,2,1855.0,0.5,0,False,False
2,12250000.0,8960,4,4.0,4,1,0,0,0,1,0,3,2240.0,1.0,1,False,False
3,12250000.0,9960,3,2.0,2,1,0,1,0,0,1,2,3320.0,0.6666666666666666,0,True,False
4,12215000.0,7500,4,2.0,2,1,0,1,0,1,1,3,1875.0,0.5,1,False,False
5,11410000.0,7420,4,1.0,2,1,1,1,0,1,0,2,1855.0,0.25,0,False,False
6,10850000.0,7500,3,3.0,1,1,0,1,0,1,1,2,2500.0,1.0,0,True,False
7,10150000.0,8580,4,3.0,4,1,0,0,0,1,1,2,2145.0,0.75,0,True,False
8,10150000.0,16200,5,3.0,2,1,0,0,0,0,0,0,3240.0,0.6,0,False,True
9,9870000.0,8100,4,1.0,2,1,1,1,0,1,1,2,2025.0,0.25,0,False,False
10,9800000.0,5750,3,2.0,4,1,1,0,0,1,1,1,1916.6666666666667,0.6666666666666666,0,False,True
11,9800000.0,13200,3,1.0,2,1,0,1,0,1,1,2,4400.0,0.3333333333333333,0,False,False
12,9681000.0,6000,4,3.0,2,1,1,1,1,0,0,2,1500.0,0.75,0,True,False
13,9310000.0,6550,4,2.0,2,1,0,0,0,1,1,1,1637.5,0.5,0,True,False
14,9240000.0,3500,4,2.0,2,1,0,0,1,0,0,2,875.0,0.5,0,False,False
15,9240000.0,7800,3,2.0,2,1,0,0,0,0,1,0,2600.0,0.6666666666666666,0,True,False
16,9100000.0,6000,4,1.0,2,1,0,1,0,0,0,2,1500.0,0.25,0,True,False
17,9100000.0,6600,4,2.0,2,1,1,1,0,1,1,1,1650.0,0.5,0,False,True
18,8960000.0,8500,3,2.0,4,1,0,0,0,1,0,2,2833.3333333333335,0.6666666666666666,0,False,False
19,8890000.0,4600,3,2.0,2,1,1,0,0,1,0,2,1533.3333333333333,0.6666666666666666,0,False,False
20,8855000.0,6420,3,2.0,2,1,0,0,0,1,1,1,2140.0,0.6666666666666666,0,True,False
21,8750000.0,4320,3,1.0,2,1,0,1,1,0,0,2,1440.0,0.3333333333333333,0,True,False
22,8680000.0,7155,3,2.0,1,1,1,1,0,1,0,2,2385.0,0.6666666666666666,0,False,True
23,8645000.0,8050,3,1.0,1,1,1,1,0,1,0,1,2683.3333333333335,0.3333333333333333,0,False,False
24,8645000.0,4560,3,2.0,2,1,1,1,0,1,0,1,1520.0,0.6666666666666666,0,False,False
25,8575000.0,8800,3,2.0,2,1,0,0,0,1,0,2,2933.3333333333335,0.6666666666666666,0,False,False
26,8540000.0,6540,4,2.0,2,1,1,1,0,1,1,2,1635.0,0.5,0,False,False
27,8463000.0,6000,3,2.0,4,1,1,1,0,1,1,0,2000.0,0.6666666666666666,0,True,False
28,8400000.0,8875,3,1.0,1,1,0,0,0,0,0,1,2958.3333333333335,0.3333333333333333,0,True,False
29,8400000.0,7950,5,2.0,2,1,0,1,1,0,0,2,1590.0,0.4,0,False,True
30,8400000.0,5500,4,2.0,2,1,0,1,0,1,1,1,1375.0,0.5,0,True,False
31,8400000.0,7475,3,2.0,4,1,0,0,0,1,0,2,2491.6666666666665,0.6666666666666666,0,False,True
32,8400000.0,7000,3,1.0,4,1,0,0,0,1,0,2,2333.3333333333335,0.3333333333333333,0,True,False
33,8295000.0,4880,4,2.0,2,1,0,0,0,1,1,1,1220.0,0.5,0,False,False
34,8190000.0,5960,3,3.0,2,1,1,1,0,0,0,1,1986.6666666666667,1.0,0,False,True
35,8120000.0,6840,5,1.0,2,1,1,1,0,1,0,1,1368.0,0.2,0,False,False
36,8080940.0,7000,3,2.0,4,1,0,0,0,1,0,2,2333.3333333333335,0.6666666666666666,0,False,False
37,8043000.0,7482,3,2.0,3,1,0,0,1,0,1,1,2494.0,0.6666666666666666,0,False,False
38,7980000.0,9000,4,2.0,4,1,0,0,0,1,0,2,2250.0,0.5,0,False,False
39,7962500.0,6000,3,1.0,4,1,1,0,0,1,0,2,2000.0,0.3333333333333333,0,False,True
40,7910000.0,6000,4,2.0,4,1,0,0,0,1,0,1,1500.0,0.5,0,True,False
41,7875000.0,6550,3,1.0,2,1,0,1,0,1,1,0,2183.3333333333335,0.3333333333333333,0,False,False
42,7840000.0,6360,3,2.0,4,1,0,0,0,1,1,0,2120.0,0.6666666666666666,0,False,False
43,7700000.0,6480,3,2.0,4,1,0,0,0,1,0,2,2160.0,0.6666666666666666,0,False,True
44,7700000.0,6000,4,2.0,4,1,0,0,0,0,0,2,1500.0,0.5,0,True,False
45,7560000.0,6000,4,2.0,4,1,0,0,0,1,0,1,1500.0,0.5,0,False,False
46,7560000.0,6000,3,2.0,3,1,0,0,0,1,0,0,2000.0,0.6666666666666666,0,True,False
47,7525000.0,6000,3,2.0,4,1,0,0,0,1,0,1,2000.0,0.6666666666666666,0,False,False
48,7490000.0,6600,3,1.0,4,1,0,0,0,1,1,3,2200.0,0.3333333333333333,1,False,False
49,7455000.0,4300,3,2.0,2,1,0,1,0,0,0,1,1433.3333333333333,0.6666666666666666,0,False,True
50,7420000.0,7440,3,2.0,1,1,1,1,0,1,1,0,2480.0,0.6666666666666666,0,True,False
51,7420000.0,7440,3,2.0,4,1,0,0,0,0,1,1,2480.0,0.6666666666666666,0,False,True
52,7420000.0,6325,3,1.0,4,1,0,0,0,1,0,1,2108.3333333333335,0.3333333333333333,0,False,True
53,7350000.0,6000,4,2.0,4,1,1,0,0,1,0,1,1500.0,0.5,0,False,False
54,7350000.0,5150,3,2.0,4,1,0,0,0,1,0,2,1716.6666666666667,0.6666666666666666,0,True,False
55,7350000.0,6000,3,2.0,2,1,1,0,0,1,0,1,2000.0,0.6666666666666666,0,True,False
56,7350000.0,6000,3,1.0,2,1,0,0,0,1,0,1,2000.0,0.3333333333333333,0,False,True
57,7343000.0,11440,4,1.0,2,1,0,1,0,0,1,1,2860.0,0.25,0,True,False
58,7245000.0,9000,4,2.0,4,1,1,0,0,1,1,1,2250.0,0.5,0,False,False
59,7210000.0,7680,4,2.0,4,1,1,0,0,1,0,1,1920.0,0.5,0,True,False
60,7210000.0,6000,3,2.0,4,1,1,0,0,1,0,1,2000.0,0.6666666666666666,0,False,False
61,7140000.0,6000,3,2.0,2,1,1,0,0,0,0,1,2000.0,0.6666666666666666,0,True,False
62,7070000.0,8880,2,1.0,1,1,0,0,0,1,0,1,4440.0,0.5,0,True,False
63,7070000.0,6240,4,2.0,2,1,0,0,0,1,0,1,1560.0,0.5,0,False,False
64,7035000.0,6360,4,2.0,3,1,0,0,0,1,1,2,1590.0,0.5,0,False,False
65,7000000.0,11175,3,1.0,1,1,0,1,0,1,1,1,3725.0,0.3333333333333333,0,False,False
66,6930000.0,8880,3,2.0,2,1,0,1,0,1,0,1,2960.0,0.6666666666666666,0,False,False
67,6930000.0,13200,2,1.0,1,1,0,1,1,0,0,1,6600.0,0.5,0,False,False
68,6895000.0,7700,3,2.0,1,1,0,0,0,0,0,2,2566.6666666666665,0.6666666666666666,0,False,True
69,6860000.0,6000,3,1.0,1,1,0,0,0,1,0,1,2000.0,0.3333333333333333,0,False,False
70,6790000.0,12090,4,2.0,2,1,0,0,0,0,1,2,3022.5,0.5,0,False,False
71,6790000.0,4000,3,2.0,2,1,0,1,0,1,1,0,1333.3333333333333,0.6666666666666666,0,True,False
72,6755000.0,6000,4,2.0,4,1,0,0,0,1,0,0,1500.0,0.5,0,False,True
73,6720000.0,5020,3,1.0,4,1,0,0,0,1,1,0,1673.3333333333333,0.3333333333333333,0,False,True
74,6685000.0,6600,2,2.0,4,1,0,1,0,0,1,0,3300.0,1.0,0,False,False
75,6650000.0,4040,3,1.0,2,1,0,1,1,0,0,1,1346.6666666666667,0.3333333333333333,0,False,False
76,6650000.0,4260,4,2.0,2,1,0,0,1,0,0,0,1065.0,0.5,0,True,False
77,6650000.0,6420,3,2.0,3,1,0,0,0,1,1,0,2140.0,0.6666666666666666,0,False,False
78,6650000.0,6500,3,2.0,3,1,0,0,0,1,1,0,2166.6666666666665,0.6666666666666666,0,False,False
79,6650000.0,5700,3,1.0,1,1,1,1,0,1,1,2,1900.0,0.3333333333333333,0,False,False
80,6650000.0,6000,3,2.0,3,1,1,0,0,1,0,0,2000.0,0.6666666666666666,0,False,False
81,6629000.0,6000,3,1.0,2,1,0,0,1,0,1,1,2000.0,0.3333333333333333,0,True,False
82,6615000.0,4000,3,2.0,2,1,0,1,0,1,0,1,1333.3333333333333,0.6666666666666666,0,True,False
83,6615000.0,10500,3,2.0,1,1,0,1,0,1,1,1,3500.0,0.6666666666666666,0,False,False
84,6580000.0,6000,3,2.0,4,1,0,0,0,1,0,0,2000.0,0.6666666666666666,0,True,False
85,6510000.0,3760,3,1.0,2,1,0,0,1,0,0,2,1253.3333333333333,0.3333333333333333,0,True,False
86,6510000.0,8250,3,2.0,3,1,0,0,0,1,0,0,2750.0,0.6666666666666666,0,False,False
87,6510000.0,6670,3,1.0,3,1,0,1,0,0,1,0,2223.3333333333335,0.3333333333333333,0,False,True
88,6475000.0,3960,3,1.0,1,1,0,1,0,0,0,2,1320.0,0.3333333333333333,0,True,False
89,6475000.0,7410,3,1.0,1,1,1,1,0,1,1,2,2470.0,0.3333333333333333,0,False,True
90,6440000.0,8580,5,3.0,2,1,0,0,0,0,0,2,1716.0,0.6,0,False,False
91,6440000.0,5000,3,1.0,2,1,0,0,0,1,0,0,1666.6666666666667,0.3333333333333333,0,True,False
92,6419000.0,6750,2,1.0,1,1,1,1,0,0,1,2,3375.0,0.5,0,False,False
93,6405000.0,4800,3,2.0,4,1,1,0,0,1,0,0,1600.0,0.6666666666666666,0,False,False
94,6300000.0,7200,3,2.0,1,1,0,1,0,1,0,3,2400.0,0.6666666666666666,0,True,False
95,6300000.0,6000,4,2.0,4,1,0,0,0,0,0,1,1500.0,0.5,0,True,False
96,6300000.0,4100,3,2.0,3,1,0,0,0,1,0,2,1366.6666666666667,0.6666666666666666,0,True,False
97,6300000.0,9000,3,1.0,1,1,0,1,0,0,1,1,3000.0,0.3333333333333333,0,False,False
98,6300000.0,6400,3,1.0,1,1,1,1,0,1,1,1,2133.3333333333335,0.3333333333333333,0,True,False
99,6293000.0,6600,3,2.0,3,1,0,0,0,1,1,0,2200.0,0.6666666666666666,0,False,True
100,6265000.0,6000,4,1.0,3,1,1,1,0,0,1,0,1500.0,0.25,0,False,True
101,6230000.0,6600,3,2.0,1,1,0,1,0,1,1,0,2200.0,0.6666666666666666,0,False,True
102,6230000.0,5500,3,1.0,3,1,0,0,0,0,1,1,1833.3333333333333,0.3333333333333333,0,False,True
103,6195000.0,5500,3,2.0,4,1,1,0,0,1,0,1,1833.3333333333333,0.6666666666666666,0,True,False
104,6195000.0,6350,3,2.0,3,1,1,0,0,1,0,0,2116.6666666666665,0.6666666666666666,0,False,False
105,6195000.0,5500,3,2.0,1,1,1,1,0,0,1,2,1833.3333333333333,0.6666666666666666,0,False,False
106,6160000.0,4500,3,1.0,4,1,0,0,0,1,0,0,1500.0,0.3333333333333333,0,False,True
107,6160000.0,5450,4,2.0,1,1,0,1,0,1,1,0,1362.5,0.5,0,True,False
108,6125000.0,6420,3,1.0,3,1,0,1,0,0,1,0,2140.0,0.3333333333333333,0,False,True
109,6107500.0,3240,4,1.0,3,1,0,0,0,0,0,1,810.0,0.25,0,True,False
110,6090000.0,6615,4,2.0,2,1,1,0,1,0,0,1,1653.75,0.5,0,True,False
111,6090000.0,6600,3,1.0,1,1,1,1,0,0,1,2,2200.0,0.3333333333333333,0,True,False
112,6090000.0,8372,3,1.0,3,1,0,0,0,1,0,2,2790.6666666666665,0.3333333333333333,0,False,True
113,6083000.0,4300,6,2.0,2,1,0,0,0,0,0,0,716.6666666666666,0.3333333333333333,0,False,False
114,6083000.0,9620,3,1.0,1,1,0,1,0,0,1,2,3206.6666666666665,0.3333333333333333,0,False,False
115,6020000.0,6800,2,1.0,1,1,1,1,0,0,0,2,3400.0,0.5,0,False,False
116,6020000.0,8000,3,1.0,1,1,1,1,0,1,1,2,2666.6666666666665,0.3333333333333333,0,True,False
117,6020000.0,6900,3,2.0,1,1,1,1,0,0,1,0,2300.0,0.6666666666666666,0,False,True
118,5950000.0,3700,4,1.0,2,1,1,0,0,1,0,0,925.0,0.25,0,False,False
119,5950000.0,6420,3,1.0,1,1,0,1,0,1,1,0,2140.0,0.3333333333333333,0,False,False
120,5950000.0,7020,3,1.0,1,1,0,1,0,1,1,2,2340.0,0.3333333333333333,0,True,False
121,5950000.0,6540,3,1.0,1,1,1,1,0,0,1,2,2180.0,0.3333333333333333,0,False,False
122,5950000.0,7231,3,1.0,2,1,1,1,0,1,1,0,2410.3333333333335,0.3333333333333333,0,True,False
123,5950000.0,6254,4,2.0,1,1,0,1,0,0,1,1,1563.5,0.5,0,True,False
124,5950000.0,7320,4,2.0,2,1,0,0,0,0,0,0,1830.0,0.5,0,False,False
125,5950000.0,6525,3,2.0,4,1,0,0,0,0,0,1,2175.0,0.6666666666666666,0,False,False
126,5943000.0,15600,3,1.0,1,1,0,0,0,1,0,2,5200.0,0.3333333333333333,0,True,False
127,5880000.0,7160,3,1.0,1,1,0,1,0,0,1,2,2386.6666666666665,0.3333333333333333,0,False,True
128,5880000.0,6500,3,2.0,3,1,0,0,0,1,0,0,2166.6666666666665,0.6666666666666666,0,False,True
129,5873000.0,5500,3,1.0,3,1,1,0,0,1,0,1,1833.3333333333333,0.3333333333333333,0,False,False
130,5873000.0,11460,3,1.0,3,1,0,0,0,0,1,2,3820.0,0.3333333333333333,0,True,False
131,5866000.0,4800,3,1.0,1,1,1,1,0,0,0,0,1600.0,0.3333333333333333,0,False,True
132,5810000.0,5828,4,1.0,4,1,1,0,0,0,0,0,1457.0,0.25,0,True,False
133,5810000.0,5200,3,1.0,3,1,0,0,0,1,0,0,1733.3333333333333,0.3333333333333333,0,True,False
134,5810000.0,4800,3,1.0,3,1,0,0,0,1,0,0,1600.0,0.3333333333333333,0,False,True
135,5803000.0,7000,3,1.0,1,1,0,1,0,0,1,2,2333.3333333333335,0.3333333333333333,0,True,False
136,5775000.0,6000,3,2.0,4,1,0,0,0,1,0,0,2000.0,0.6666666666666666,0,False,True
137,5740000.0,5400,4,2.0,2,1,0,0,0,1,0,2,1350.0,0.5,0,False,True
138,5740000.0,4640,4,1.0,2,1,0,0,0,0,0,1,1160.0,0.25,0,True,False
139,5740000.0,5000,3,1.0,3,1,0,0,0,1,0,0,1666.6666666666667,0.3333333333333333,0,True,False
140,5740000.0,6360,3,1.0,1,1,1,1,0,1,1,2,2120.0,0.3333333333333333,0,False,False
141,5740000.0,5800,3,2.0,4,1,0,0,0,1,0,0,1933.3333333333333,0.6666666666666666,0,False,True
142,5652500.0,6660,4,2.0,2,1,1,1,0,0,1,1,1665.0,0.5,0,True,False
143,5600000.0,10500,4,2.0,2,1,0,0,0,0,0,1,2625.0,0.5,0,True,False
144,5600000.0,4800,5,2.0,3,0,0,1,1,0,0,0,960.0,0.4,0,False,True
145,5600000.0,4700,4,1.0,2,1,1,1,0,1,0,1,1175.0,0.25,0,False,False
146,5600000.0,5000,3,1.0,4,1,0,0,0,0,0,0,1666.6666666666667,0.3333333333333333,0,False,False
147,5600000.0,10500,2,1.0,1,1,0,0,0,0,0,1,5250.0,0.5,0,True,False
148,5600000.0,5500,3,2.0,2,1,0,0,0,0,0,1,1833.3333333333333,0.6666666666666666,0,True,False
149,5600000.0,6360,3,1.0,3,1,0,0,0,0,1,0,2120.0,0.3333333333333333,0,True,False
150,5600000.0,6600,4,2.0,1,1,0,1,0,0,1,0,1650.0,0.5,0,True,False
151,5600000.0,5136,3,1.0,2,1,1,1,0,1,1,0,1712.0,0.3333333333333333,0,False,True
152,5565000.0,4400,4,1.0,2,1,0,0,0,1,1,2,1100.0,0.25,0,True,False
153,5565000.0,5400,5,1.0,2,1,1,1,0,1,1,0,1080.0,0.2,0,False,False
154,5530000.0,3300,3,3.0,2,1,0,1,0,0,0,0,1100.0,1.0,0,True,False
155,5530000.0,3650,3,2.0,2,1,0,0,0,0,0,2,1216.6666666666667,0.6666666666666666,0,True,False
156,5530000.0,6100,3,2.0,1,1,0,1,0,0,1,2,2033.3333333333333,0.6666666666666666,0,False,False
157,5523000.0,6900,3,1.0,1,1,1,1,0,0,1,0,2300.0,0.3333333333333333,0,True,False
158,5495000.0,2817,4,2.0,2,0,1,1,0,0,0,1,704.25,0.5,0,False,False
159,5495000.0,7980,3,1.0,1,1,0,0,0,0,0,2,2660.0,0.3333333333333333,0,True,False
160,5460000.0,3150,3,2.0,1,1,1,1,0,1,0,0,1050.0,0.6666666666666666,0,False,False
161,5460000.0,6210,4,1.0,4,1,1,0,0,1,0,0,1552.5,0.25,0,False,False
162,5460000.0,6100,3,1.0,3,1,1,0,0,1,1,0,2033.3333333333333,0.3333333333333333,0,True,False
163,5460000.0,6600,4,2.0,2,1,1,1,0,0,1,0,1650.0,0.5,0,True,False
164,5425000.0,6825,3,1.0,1,1,1,1,0,1,1,0,2275.0,0.3333333333333333,0,True,False
165,5390000.0,6710,3,2.0,2,1,1,1,0,0,1,1,2236.6666666666665,0.6666666666666666,0,False,False
166,5383000.0,6450,3,2.0,1,1,1,1,1,0,0,0,2150.0,0.6666666666666666,0,False,True
167,5320000.0,7800,3,1.0,1,1,0,1,0,1,1,2,2600.0,0.3333333333333333,0,False,True
168,5285000.0,4600,2,2.0,1,1,0,0,0,1,0,2,2300.0,1.0,0,True,False
169,5250000.0,4260,4,1.0,2,1,0,1,0,1,0,0,1065.0,0.25,0,False,False
170,5250000.0,6540,4,2.0,2,0,0,0,0,1,0,0,1635.0,0.5,0,True,False
171,5250000.0,5500,3,2.0,1,1,0,1,0,0,0,0,1833.3333333333333,0.6666666666666666,0,True,False
172,5250000.0,10269,3,1.0,1,1,0,0,0,0,1,1,3423.0,0.3333333333333333,0,True,False
173,5250000.0,8400,3,1.0,2,1,1,1,0,1,1,2,2800.0,0.3333333333333333,0,False,True
174,5250000.0,5300,4,2.0,1,1,0,0,0,1,1,0,1325.0,0.5,0,False,True
175,5250000.0,3800,3,1.0,2,1,1,1,0,0,1,1,1266.6666666666667,0.3333333333333333,0,False,True
176,5250000.0,9800,4,2.0,2,1,1,0,0,0,0,2,2450.0,0.5,0,True,False
177,5250000.0,8520,3,1.0,1,1,0,0,0,1,0,2,2840.0,0.3333333333333333,0,False,False
178,5243000.0,6050,3,1.0,1,1,0,1,0,0,1,0,2016.6666666666667,0.3333333333333333,0,True,False
179,5229000.0,7085,3,1.0,1,1,1,1,0,0,1,2,2361.6666666666665,0.3333333333333333,0,True,False
180,5215000.0,3180,3,2.0,2,1,0,0,0,0,0,2,1060.0,0.6666666666666666,0,True,False
181,5215000.0,4500,4,2.0,1,0,0,1,0,1,0,2,1125.0,0.5,0,True,False
182,5215000.0,7200,3,1.0,2,1,1,1,0,0,1,1,2400.0,0.3333333333333333,0,False,False
183,5145000.0,3410,3,1.0,2,0,0,0,0,1,0,0,1136.6666666666667,0.3333333333333333,0,True,False
184,5145000.0,7980,3,1.0,1,1,0,0,0,0,1,1,2660.0,0.3333333333333333,0,True,False
185,5110000.0,3000,3,2.0,2,1,1,1,0,0,0,0,1000.0,0.6666666666666666,0,False,False
186,5110000.0,3000,3,1.0,2,1,0,1,0,0,0,0,1000.0,0.3333333333333333,0,False,True
187,5110000.0,11410,2,1.0,2,1,0,0,0,0,1,0,5705.0,0.5,0,False,False
188,5110000.0,6100,3,1.0,1,1,0,1,0,1,1,0,2033.3333333333333,0.3333333333333333,0,True,False
189,5075000.0,5720,2,1.0,2,1,0,0,0,1,1,0,2860.0,0.5,0,False,True
190,5040000.0,3540,2,1.0,1,0,1,1,0,0,0,0,1770.0,0.5,0,True,False
191,5040000.0,7600,4,1.0,2,1,0,0,0,1,0,2,1900.0,0.25,0,False,False
192,5040000.0,10700,3,1.0,2,1,1,1,0,0,0,0,3566.6666666666665,0.3333333333333333,0,True,False
193,5040000.0,6600,3,1.0,1,1,1,1,0,0,1,0,2200.0,0.3333333333333333,0,False,False
194,5033000.0,4800,2,1.0,1,1,1,1,0,0,0,0,2400.0,0.5,0,True,False
195,5005000.0,8150,3,2.0,1,1,1,1,0,0,0,0,2716.6666666666665,0.6666666666666666,0,True,False
196,4970000.0,4410,4,3.0,2,1,0,1,0,0,0,2,1102.5,0.75,0,True,False
197,4970000.0,7686,3,1.0,1,1,1,1,1,0,0,0,2562.0,0.3333333333333333,0,True,False
198,4956000.0,2800,3,2.0,2,0,0,1,0,1,0,1,933.3333333333334,0.6666666666666666,0,True,False
199,4935000.0,5948,3,1.0,2,1,0,0,0,1,0,0,1982.6666666666667,0.3333333333333333,0,True,False
200,4907000.0,4200,3,1.0,2,1,0,0,0,0,0,1,1400.0,0.3333333333333333,0,False,False
201,4900000.0,4520,3,1.0,2,1,0,1,0,1,0,0,1506.6666666666667,0.3333333333333333,0,True,False
202,4900000.0,4095,3,1.0,2,0,1,1,0,1,0,0,1365.0,0.3333333333333333,0,True,False
203,4900000.0,4120,2,1.0,1,1,0,1,0,0,0,1,2060.0,0.5,0,True,False
204,4900000.0,5400,4,1.0,2,1,0,0,0,0,0,0,1350.0,0.25,0,True,False
205,4900000.0,4770,3,1.0,1,1,1,1,0,0,0,0,1590.0,0.3333333333333333,0,True,False
206,4900000.0,6300,3,1.0,1,1,0,0,0,1,0,2,2100.0,0.3333333333333333,0,True,False
207,4900000.0,5800,2,1.0,1,1,1,1,0,1,0,0,2900.0,0.5,0,True,False
208,4900000.0,3000,3,1.0,2,1,0,1,0,1,0,0,1000.0,0.3333333333333333,0,True,False
209,4900000.0,2970,3,1.0,3,1,0,0,0,0,0,0,990.0,0.3333333333333333,0,True,False
210,4900000.0,6720,3,1.0,1,1,0,0,0,0,0,0,2240.0,0.3333333333333333,0,False,True
211,4900000.0,4646,3,1.0,2,1,1,1,0,0,0,2,1548.6666666666667,0.3333333333333333,0,True,False
212,4900000.0,12900,3,1.0,1,1,0,0,0,0,0,2,4300.0,0.3333333333333333,0,False,False
213,4893000.0,3420,4,2.0,2,1,0,1,0,1,0,2,855.0,0.5,0,True,False
214,4893000.0,4995,4,2.0,1,1,0,1,0,0,0,0,1248.75,0.5,0,True,False
215,4865000.0,4350,2,1.0,1,1,0,1,0,0,0,0,2175.0,0.5,0,False,True
216,4830000.0,4160,3,1.0,3,1,0,0,0,0,0,0,1386.6666666666667,0.3333333333333333,0,False,True
217,4830000.0,6040,3,1.0,1,1,0,0,0,0,1,2,2013.3333333333333,0.3333333333333333,0,True,False
218,4830000.0,6862,3,1.0,2,1,0,0,0,1,1,2,2287.3333333333335,0.3333333333333333,0,False,False
219,4830000.0,4815,2,1.0,1,1,0,0,0,1,1,0,2407.5,0.5,0,True,False
220,4795000.0,7000,3,1.0,2,1,0,1,0,0,0,0,2333.3333333333335,0.3333333333333333,0,False,True
221,4795000.0,8100,4,1.0,4,1,0,1,0,1,0,2,2025.0,0.25,0,True,False
222,4767000.0,3420,4,2.0,2,1,0,0,0,0,0,0,855.0,0.5,0,True,False
223,4760000.0,9166,2,1.0,1,1,0,1,0,1,0,2,4583.0,0.5,0,True,False
224,4760000.0,6321,3,1.0,2,1,0,1,0,1,0,1,2107.0,0.3333333333333333,0,False,False
225,4760000.0,10240,2,1.0,1,1,0,0,0,1,1,2,5120.0,0.5,0,False,True
226,4753000.0,6440,2,1.0,1,1,0,0,0,1,0,3,3220.0,0.5,0,True,False
227,4690000.0,5170,3,1.0,4,1,0,0,0,1,0,0,1723.3333333333333,0.3333333333333333,0,True,False
228,4690000.0,6000,2,1.0,1,1,0,1,0,1,0,1,3000.0,0.5,0,False,False
229,4690000.0,3630,3,1.0,2,1,0,0,0,0,0,2,1210.0,0.3333333333333333,0,True,False
230,4690000.0,9667,4,2.0,2,1,1,1,0,0,0,1,2416.75,0.5,0,True,False
231,4690000.0,5400,2,1.0,2,1,0,0,0,0,1,0,2700.0,0.5,0,True,False
232,4690000.0,4320,3,1.0,1,1,0,0,0,0,1,0,1440.0,0.3333333333333333,0,True,False
233,4655000.0,3745,3,1.0,2,1,0,1,0,0,0,0,1248.3333333333333,0.3333333333333333,0,False,False
234,4620000.0,4160,3,1.0,1,1,1,1,0,1,0,0,1386.6666666666667,0.3333333333333333,0,False,True
235,4620000.0,3880,3,2.0,2,1,0,1,0,0,0,2,1293.3333333333333,0.6666666666666666,0,True,False
236,4620000.0,5680,3,1.0,2,1,1,0,0,1,0,1,1893.3333333333333,0.3333333333333333,0,True,False
237,4620000.0,2870,2,1.0,2,1,1,1,0,0,1,0,1435.0,0.5,0,True,False
238,4620000.0,5010,3,1.0,2,1,0,1,0,0,0,0,1670.0,0.3333333333333333,0,True,False
239,4613000.0,4510,4,2.0,2,1,0,1,0,0,0,0,1127.5,0.5,0,True,False
240,4585000.0,4000,3,1.0,2,1,0,0,0,0,0,1,1333.3333333333333,0.3333333333333333,0,False,False
241,4585000.0,3840,3,1.0,2,1,0,0,0,0,1,1,1280.0,0.3333333333333333,0,True,False
242,4550000.0,3760,3,1.0,1,1,0,0,0,0,0,2,1253.3333333333333,0.3333333333333333,0,True,False
243,4550000.0,3640,3,1.0,2,1,0,0,0,1,0,0,1213.3333333333333,0.3333333333333333,0,False,False
244,4550000.0,2550,3,1.0,2,1,0,1,0,0,0,0,850.0,0.3333333333333333,0,False,False
245,4550000.0,5320,3,1.0,2,1,1,1,0,0,1,0,1773.3333333333333,0.3333333333333333,0,True,False
246,4550000.0,5360,3,1.0,2,1,0,0,0,0,1,2,1786.6666666666667,0.3333333333333333,0,False,True
247,4550000.0,3520,3,1.0,1,1,0,0,0,0,1,0,1173.3333333333333,0.3333333333333333,0,True,False
248,4550000.0,8400,4,1.0,4,1,0,0,0,0,0,3,2100.0,0.25,0,False,True
249,4543000.0,4100,2,2.0,1,1,1,1,0,0,0,0,2050.0,1.0,0,True,False
250,4543000.0,4990,4,2.0,2,1,1,1,0,0,1,0,1247.5,0.5,0,False,False
251,4515000.0,3510,3,1.0,3,1,0,0,0,0,0,0,1170.0,0.3333333333333333,0,True,False
252,4515000.0,3450,3,1.0,2,1,0,1,0,0,0,1,1150.0,0.3333333333333333,0,True,False
253,4515000.0,9860,3,1.0,1,1,0,0,0,0,0,0,3286.6666666666665,0.3333333333333333,0,True,False
254,4515000.0,3520,2,1.0,2,1,0,0,0,0,1,0,1760.0,0.5,0,False,False
255,4480000.0,4510,4,1.0,2,1,0,0,0,1,0,2,1127.5,0.25,0,True,False
256,4480000.0,5885,2,1.0,1,1,0,0,0,1,0,1,2942.5,0.5,0,False,True
257,4480000.0,4000,3,1.0,2,1,0,0,0,0,0,2,1333.3333333333333,0.3333333333333333,0,False,False
258,4480000.0,8250,3,1.0,1,1,0,0,0,0,0,0,2750.0,0.3333333333333333,0,False,False
259,4480000.0,4040,3,1.0,2,1,0,0,0,0,0,1,1346.6666666666667,0.3333333333333333,0,True,False
260,4473000.0,6360,2,1.0,1,1,0,1,0,1,0,1,3180.0,0.5,0,False,False
261,4473000.0,3162,3,1.0,2,1,0,0,0,1,0,1,1054.0,0.3333333333333333,0,False,False
262,4473000.0,3510,3,1.0,2,1,0,0,0,0,0,0,1170.0,0.3333333333333333,0,True,False
263,4445000.0,3750,2,1.0,1,1,1,1,0,0,0,0,1875.0,0.5,0,True,False
264,4410000.0,3968,3,1.0,2,0,0,0,0,0,0,0,1322.6666666666667,0.3333333333333333,0,True,False
265,4410000.0,4900,2,1.0,2,1,0,1,0,0,0,0,2450.0,0.5,0,True,False
266,4403000.0,2880,3,1.0,2,1,0,0,0,0,1,0,960.0,0.3333333333333333,0,True,False
267,4403000.0,4880,3,1.0,1,1,0,0,0,0,1,2,1626.6666666666667,0.3333333333333333,0,False,True
268,4403000.0,4920,3,1.0,2,1,0,0,0,0,0,1,1640.0,0.3333333333333333,0,True,False
269,4382000.0,4950,4,1.0,2,1,0,0,0,1,0,0,1237.5,0.25,0,True,False
270,4375000.0,3900,3,1.0,2,1,0,0,0,0,0,0,1300.0,0.3333333333333333,0,False,True
271,4340000.0,4500,3,2.0,3,1,0,0,1,0,0,1,1500.0,0.6666666666666666,0,False,False
272,4340000.0,1905,5,1.0,2,0,0,1,0,0,0,0,381.0,0.2,0,True,False
273,4340000.0,4075,3,1.0,1,1,1,1,0,0,0,2,1358.3333333333333,0.3333333333333333,0,True,False
274,4340000.0,3500,4,1.0,2,1,0,0,0,0,0,2,875.0,0.25,0,False,False
275,4340000.0,6450,4,1.0,2,1,0,0,0,0,0,0,1612.5,0.25,0,True,False
276,4319000.0,4032,2,1.0,1,1,0,1,0,0,0,0,2016.0,0.5,0,False,False
277,4305000.0,4400,2,1.0,1,1,0,0,0,0,0,1,2200.0,0.5,0,True,False
278,4305000.0,10360,2,1.0,1,1,0,0,0,0,1,1,5180.0,0.5,0,True,False
279,4277000.0,3400,3,1.0,2,1,0,1,0,0,1,2,1133.3333333333333,0.3333333333333333,0,True,False
280,4270000.0,6360,2,1.0,1,1,0,0,0,0,0,0,3180.0,0.5,0,False,False
281,4270000.0,6360,2,1.0,2,1,0,0,0,0,0,0,3180.0,0.5,0,False,True
282,4270000.0,4500,2,1.0,1,1,0,0,0,1,0,2,2250.0,0.5,0,False,False
283,4270000.0,2175,3,1.0,2,0,1,1,0,1,0,0,725.0,0.3333333333333333,0,False,True
284,4270000.0,4360,4,1.0,2,1,0,0,0,0,0,0,1090.0,0.25,0,False,False
285,4270000.0,7770,2,1.0,1,1,0,0,0,0,0,1,3885.0,0.5,0,False,False
286,4235000.0,6650,3,1.0,2,1,1,0,0,0,0,0,2216.6666666666665,0.3333333333333333,0,True,False
287,4235000.0,2787,3,1.0,1,1,0,1,0,0,1,0,929.0,0.3333333333333333,0,False,False
288,4200000.0,5500,3,1.0,2,1,0,0,0,1,0,0,1833.3333333333333,0.3333333333333333,0,False,True
289,4200000.0,5040,3,1.0,2,1,0,1,0,1,0,0,1680.0,0.3333333333333333,0,False,True
290,4200000.0,5850,2,1.0,1,1,1,1,0,0,0,2,2925.0,0.5,0,True,False
291,4200000.0,2610,4,3.0,2,0,0,0,0,0,0,0,652.5,0.75,0,True,False
292,4200000.0,2953,3,1.0,2,1,0,1,0,1,0,0,984.3333333333334,0.3333333333333333,0,False,True
293,4200000.0,2747,4,2.0,2,0,0,0,0,0,0,0,686.75,0.5,0,True,False
294,4200000.0,4410,2,1.0,1,0,0,0,0,0,0,1,2205.0,0.5,0,False,True
295,4200000.0,4000,4,2.0,2,0,0,0,0,0,0,0,1000.0,0.5,0,True,False
296,4200000.0,2325,3,1.0,2,0,0,0,0,0,0,0,775.0,0.3333333333333333,0,True,False
297,4200000.0,4600,3,2.0,2,1,0,0,0,1,0,1,1533.3333333333333,0.6666666666666666,0,True,False
298,4200000.0,3640,3,2.0,2,1,0,1,0,0,0,0,1213.3333333333333,0.6666666666666666,0,False,True
299,4200000.0,5800,3,1.0,1,1,0,0,1,0,0,2,1933.3333333333333,0.3333333333333333,0,True,False
300,4200000.0,7000,3,1.0,1,1,0,0,0,0,0,3,2333.3333333333335,0.3333333333333333,0,False,False
301,4200000.0,4079,3,1.0,3,1,0,0,0,0,0,0,1359.6666666666667,0.3333333333333333,0,True,False
302,4200000.0,3520,3,1.0,2,1,0,0,0,0,1,0,1173.3333333333333,0.3333333333333333,0,True,False
303,4200000.0,2145,3,1.0,3,1,0,0,0,0,1,1,715.0,0.3333333333333333,0,False,True
304,4200000.0,4500,3,1.0,1,1,0,1,0,0,0,0,1500.0,0.3333333333333333,0,False,False
305,4193000.0,8250,3,1.0,1,1,0,1,0,0,0,3,2750.0,0.3333333333333333,0,True,False
306,4193000.0,3450,3,1.0,2,1,0,0,0,0,0,1,1150.0,0.3333333333333333,0,True,False
307,4165000.0,4840,3,1.0,2,1,0,0,0,0,0,1,1613.3333333333333,0.3333333333333333,0,True,False
308,4165000.0,4080,3,1.0,2,1,0,0,0,0,0,2,1360.0,0.3333333333333333,0,True,False
309,4165000.0,4046,3,1.0,2,1,0,1,0,0,0,1,1348.6666666666667,0.3333333333333333,0,True,False
310,4130000.0,4632,4,1.0,2,1,0,0,0,1,0,0,1158.0,0.25,0,True,False
311,4130000.0,5985,3,1.0,1,1,0,1,0,0,0,0,1995.0,0.3333333333333333,0,True,False
312,4123000.0,6060,2,1.0,1,1,0,1,0,0,0,1,3030.0,0.5,0,True,False
313,4098500.0,3600,3,1.0,1,1,0,1,0,1,1,0,1200.0,0.3333333333333333,0,False,False
314,4095000.0,3680,3,2.0,2,1,0,0,0,0,0,0,1226.6666666666667,0.6666666666666666,0,True,False
315,4095000.0,4040,2,1.0,2,1,0,0,0,0,0,1,2020.0,0.5,0,True,False
316,4095000.0,5600,2,1.0,1,1,0,0,0,1,0,0,2800.0,0.5,0,True,False
317,4060000.0,5900,4,2.0,2,0,0,1,0,0,0,1,1475.0,0.5,0,False,True
318,4060000.0,4992,3,2.0,2,1,0,0,0,0,0,2,1664.0,0.6666666666666666,0,False,True
319,4060000.0,4340,3,1.0,1,1,0,0,0,0,0,0,1446.6666666666667,0.3333333333333333,0,True,False
320,4060000.0,3000,4,1.0,3,1,0,1,0,1,0,2,750.0,0.25,0,True,False
321,4060000.0,4320,3,1.0,2,1,0,0,0,0,1,2,1440.0,0.3333333333333333,0,False,False
322,4025000.0,3630,3,2.0,2,1,0,0,1,0,0,2,1210.0,0.6666666666666666,0,True,False
323,4025000.0,3460,3,2.0,1,1,0,1,0,1,0,1,1153.3333333333333,0.6666666666666666,0,False,False
324,4025000.0,5400,3,1.0,1,1,0,0,0,0,0,3,1800.0,0.3333333333333333,0,True,False
325,4007500.0,4500,3,1.0,2,0,0,1,0,1,0,0,1500.0,0.3333333333333333,0,True,False
326,4007500.0,3460,4,1.0,2,1,0,0,0,1,0,0,865.0,0.25,0,True,False
327,3990000.0,4100,4,1.0,1,0,0,1,0,0,0,0,1025.0,0.25,0,False,True
328,3990000.0,6480,3,1.0,2,0,0,0,0,1,0,1,2160.0,0.3333333333333333,0,True,False
329,3990000.0,4500,3,2.0,2,0,0,1,0,1,0,0,1500.0,0.6666666666666666,0,True,False
330,3990000.0,3960,3,1.0,2,1,0,0,0,0,0,0,1320.0,0.3333333333333333,0,False,False
331,3990000.0,4050,2,1.0,2,1,1,1,0,0,1,0,2025.0,0.5,0,False,True
332,3920000.0,7260,3,2.0,1,1,1,1,0,0,0,3,2420.0,0.6666666666666666,0,False,False
333,3920000.0,5500,4,1.0,2,1,1,1,0,0,0,0,1375.0,0.25,0,True,False
334,3920000.0,3000,3,1.0,2,1,0,0,0,0,0,0,1000.0,0.3333333333333333,0,True,False
335,3920000.0,3290,2,1.0,1,1,0,0,1,0,0,1,1645.0,0.5,0,False,False
336,3920000.0,3816,2,1.0,1,1,0,1,0,1,0,2,1908.0,0.5,0,False,False
337,3920000.0,8080,3,1.0,1,1,0,0,0,1,0,2,2693.3333333333335,0.3333333333333333,0,True,False
338,3920000.0,2145,4,2.0,1,1,0,1,0,0,1,0,536.25,0.5,0,False,True
339,3885000.0,3780,2,1.0,2,1,1,1,0,0,0,0,1890.0,0.5,0,True,False
340,3885000.0,3180,4,2.0,2,1,0,0,0,0,0,0,795.0,0.5,0,False,False
341,3850000.0,5300,5,2.0,2,1,0,0,0,0,0,0,1060.0,0.4,0,True,False
342,3850000.0,3180,2,2.0,1,1,0,1,0,0,0,2,1590.0,1.0,0,True,False
343,3850000.0,7152,3,1.0,2,1,0,0,0,1,0,0,2384.0,0.3333333333333333,0,False,False
344,3850000.0,4080,2,1.0,1,1,0,0,0,0,0,0,2040.0,0.5,0,True,False
345,3850000.0,3850,2,1.0,1,1,0,0,0,0,0,0,1925.0,0.5,0,True,False
346,3850000.0,2015,3,1.0,2,1,0,1,0,0,1,0,671.6666666666666,0.3333333333333333,0,True,False
347,3850000.0,2176,2,1.0,2,1,1,0,0,0,1,0,1088.0,0.5,0,True,False
348,3836000.0,3350,3,1.0,2,1,0,0,0,0,0,0,1116.6666666666667,0.3333333333333333,0,False,True
349,3815000.0,3150,2,2.0,1,0,0,1,0,0,0,0,1575.0,1.0,0,True,False
350,3780000.0,4820,3,1.0,2,1,0,0,0,0,0,0,1606.6666666666667,0.3333333333333333,0,True,False
351,3780000.0,3420,2,1.0,2,1,0,0,1,0,0,1,1710.0,0.5,0,True,False
352,3780000.0,3600,2,1.0,1,1,0,0,0,0,0,0,1800.0,0.5,0,True,False
353,3780000.0,5830,2,1.0,1,1,0,0,0,0,0,2,2915.0,0.5,0,False,True
354,3780000.0,2856,3,1.0,3,1,0,0,0,0,1,0,952.0,0.3333333333333333,0,False,False
355,3780000.0,8400,2,1.0,1,1,0,0,0,0,0,1,4200.0,0.5,0,False,False
356,3773000.0,8250,3,1.0,1,1,0,0,0,0,0,2,2750.0,0.3333333333333333,0,False,False
357,3773000.0,2520,5,2.0,1,0,0,1,0,1,0,1,504.0,0.4,0,False,False
358,3773000.0,6930,4,1.0,2,0,0,0,0,0,0,1,1732.5,0.25,0,False,False
359,3745000.0,3480,2,1.0,1,1,0,0,0,0,1,0,1740.0,0.5,0,True,False
360,3710000.0,3600,3,1.0,1,1,0,0,0,0,0,1,1200.0,0.3333333333333333,0,False,True
361,3710000.0,4040,2,1.0,1,1,0,0,0,0,0,0,2020.0,0.5,0,True,False
362,3710000.0,6020,3,1.0,1,1,0,0,0,0,0,0,2006.6666666666667,0.3333333333333333,0,True,False
363,3710000.0,4050,2,1.0,1,1,0,0,0,0,0,0,2025.0,0.5,0,False,False
364,3710000.0,3584,2,1.0,1,1,0,0,1,0,0,0,1792.0,0.5,0,True,False
365,3703000.0,3120,3,1.0,2,0,0,1,1,0,0,0,1040.0,0.3333333333333333,0,True,False
366,3703000.0,5450,2,1.0,1,1,0,0,0,0,0,0,2725.0,0.5,0,False,False
367,3675000.0,3630,2,1.0,1,1,0,1,0,0,0,0,1815.0,0.5,0,False,False
368,3675000.0,3630,2,1.0,1,1,0,0,0,1,0,0,1815.0,0.5,0,False,True
369,3675000.0,5640,2,1.0,1,0,0,0,0,0,0,0,2820.0,0.5,0,True,False
370,3675000.0,3600,2,1.0,1,1,0,0,0,0,0,0,1800.0,0.5,0,False,False
371,3640000.0,4280,2,1.0,1,1,0,0,0,1,0,2,2140.0,0.5,0,True,False
372,3640000.0,3570,3,1.0,2,1,0,1,0,0,0,0,1190.0,0.3333333333333333,0,True,False
373,3640000.0,3180,3,1.0,2,0,0,1,0,0,0,0,1060.0,0.3333333333333333,0,True,False
374,3640000.0,3000,2,1.0,2,1,0,0,0,1,0,0,1500.0,0.5,0,False,False
375,3640000.0,3520,2,2.0,1,1,0,1,0,0,0,0,1760.0,1.0,0,True,False
376,3640000.0,5960,3,1.0,2,1,1,1,0,0,0,0,1986.6666666666667,0.3333333333333333,0,False,True
377,3640000.0,4130,3,2.0,2,1,0,0,0,0,0,2,1376.6666666666667,0.6666666666666666,0,True,False
378,3640000.0,2850,3,2.0,2,0,0,1,0,0,1,0,950.0,0.6666666666666666,0,False,True
379,3640000.0,2275,3,1.0,3,1,0,0,1,1,1,0,758.3333333333334,0.3333333333333333,0,True,False
380,3633000.0,3520,3,1.0,1,1,0,0,0,0,1,2,1173.3333333333333,0.3333333333333333,0,False,True
381,3605000.0,4500,2,1.0,1,1,0,0,0,0,0,0,2250.0,0.5,0,True,False
382,3605000.0,4000,2,1.0,1,1,0,0,0,0,1,0,2000.0,0.5,0,True,False
383,3570000.0,3150,3,1.0,2,1,0,1,0,0,0,0,1050.0,0.3333333333333333,0,False,False
384,3570000.0,4500,4,2.0,2,1,0,1,0,0,0,2,1125.0,0.5,0,False,False
385,3570000.0,4500,2,1.0,1,0,0,0,0,0,0,0,2250.0,0.5,0,False,False
386,3570000.0,3640,2,1.0,1,1,0,0,0,0,0,0,1820.0,0.5,0,False,True
387,3535000.0,3850,3,1.0,1,1,0,0,0,0,0,2,1283.3333333333333,0.3333333333333333,0,False,True
388,3500000.0,4240,3,1.0,2,1,0,0,0,1,0,0,1413.3333333333333,0.3333333333333333,0,True,False
389,3500000.0,3650,3,1.0,2,1,0,0,0,0,0,0,1216.6666666666667,0.3333333333333333,0,False,True
390,3500000.0,4600,4,1.0,2,1,0,0,0,0,0,0,1150.0,0.25,0,True,False
391,3500000.0,2135,3,2.0,2,0,0,0,0,0,0,0,711.6666666666666,0.6666666666666666,0,False,True
392,3500000.0,3036,3,1.0,2,1,0,1,0,0,0,0,1012.0,0.3333333333333333,0,True,False
393,3500000.0,3990,3,1.0,2,1,0,0,0,0,0,0,1330.0,0.3333333333333333,0,True,False
394,3500000.0,7424,3,1.0,1,0,0,0,0,0,0,0,2474.6666666666665,0.3333333333333333,0,False,True
395,3500000.0,3480,3,1.0,1,0,0,0,0,1,0,0,1160.0,0.3333333333333333,0,False,True
396,3500000.0,3600,6,1.0,2,1,0,0,0,0,0,1,600.0,0.16666666666666666,0,False,True
397,3500000.0,3640,2,1.0,1,1,0,0,0,0,0,1,1820.0,0.5,0,True,False
398,3500000.0,5900,2,1.0,1,1,0,0,0,0,0,1,2950.0,0.5,0,False,False
399,3500000.0,3120,3,1.0,2,1,0,0,0,0,0,1,1040.0,0.3333333333333333,0,False,True
400,3500000.0,7350,2,1.0,1,1,0,0,0,0,0,1,3675.0,0.5,0,True,False
401,3500000.0,3512,2,1.0,1,1,0,0,0,0,1,1,1756.0,0.5,0,False,True
402,3500000.0,9500,3,1.0,2,1,0,0,0,0,1,3,3166.6666666666665,0.3333333333333333,0,False,True
403,3500000.0,5880,2,1.0,1,1,0,0,0,0,0,0,2940.0,0.5,0,False,True
404,3500000.0,12944,3,1.0,1,1,0,0,0,0,0,0,4314.666666666667,0.3333333333333333,0,False,True
405,3493000.0,4900,3,1.0,2,0,0,0,0,0,0,0,1633.3333333333333,0.3333333333333333,0,False,True
406,3465000.0,3060,3,1.0,1,1,0,0,0,0,0,0,1020.0,0.3333333333333333,0,False,True
407,3465000.0,5320,2,1.0,1,1,0,0,0,0,1,1,2660.0,0.5,0,False,True
408,3465000.0,2145,3,1.0,3,1,0,0,0,0,1,0,715.0,0.3333333333333333,0,False,False
409,3430000.0,4000,2,1.0,1,1,0,0,0,0,0,0,2000.0,0.5,0,False,True
410,3430000.0,3185,2,1.0,1,1,0,0,0,0,0,2,1592.5,0.5,0,False,True
411,3430000.0,3850,3,1.0,1,1,0,0,0,0,0,0,1283.3333333333333,0.3333333333333333,0,False,True
412,3430000.0,2145,3,1.0,3,1,0,0,0,0,1,0,715.0,0.3333333333333333,0,False,False
413,3430000.0,2610,3,1.0,2,1,0,1,0,0,1,0,870.0,0.3333333333333333,0,False,True
414,3430000.0,1950,3,2.0,2,1,0,1,0,0,1,0,650.0,0.6666666666666666,0,False,True
415,3423000.0,4040,2,1.0,1,1,0,0,0,0,0,0,2020.0,0.5,0,False,True
416,3395000.0,4785,3,1.0,2,1,1,1,0,1,0,1,1595.0,0.3333333333333333,0,False,False
417,3395000.0,3450,3,1.0,1,1,0,1,0,0,0,2,1150.0,0.3333333333333333,0,False,True
418,3395000.0,3640,2,1.0,1,1,0,0,0,0,0,0,1820.0,0.5,0,False,False
419,3360000.0,3500,4,1.0,2,1,0,0,0,1,0,2,875.0,0.25,0,False,True
420,3360000.0,4960,4,1.0,3,0,0,0,0,0,0,0,1240.0,0.25,0,True,False
421,3360000.0,4120,2,1.0,2,1,0,0,0,0,0,0,2060.0,0.5,0,False,True
422,3360000.0,4750,2,1.0,1,1,0,0,0,0,0,0,2375.0,0.5,0,False,True
423,3360000.0,3720,2,1.0,1,0,0,0,0,1,0,0,1860.0,0.5,0,False,True
424,3360000.0,3750,3,1.0,1,1,0,0,0,0,0,0,1250.0,0.3333333333333333,0,False,True
425,3360000.0,3100,3,1.0,2,0,0,1,0,0,0,0,1033.3333333333333,0.3333333333333333,0,True,False
426,3360000.0,3185,2,1.0,1,1,0,1,0,0,0,2,1592.5,0.5,0,False,False
427,3353000.0,2700,3,1.0,1,0,0,0,0,0,0,0,900.0,0.3333333333333333,0,False,False
428,3332000.0,2145,3,1.0,2,1,0,1,0,0,1,0,715.0,0.3333333333333333,0,False,False
429,3325000.0,4040,2,1.0,1,1,0,0,0,0,0,1,2020.0,0.5,0,False,True
430,3325000.0,4775,4,1.0,2,1,0,0,0,0,0,0,1193.75,0.25,0,False,True
431,3290000.0,2500,2,1.0,1,0,0,0,0,1,0,0,1250.0,0.5,0,False,True
432,3290000.0,3180,4,1.0,2,1,0,1,0,1,0,0,795.0,0.25,0,False,True
433,3290000.0,6060,3,1.0,1,1,1,1,0,0,0,0,2020.0,0.3333333333333333,0,False,False
434,3290000.0,3480,4,1.0,2,0,0,0,0,0,0,1,870.0,0.25,0,True,False
435,3290000.0,3792,4,1.0,2,1,0,0,0,0,0,0,948.0,0.25,0,True,False
436,3290000.0,4040,2,1.0,1,1,0,0,0,0,0,0,2020.0,0.5,0,False,True
437,3290000.0,2145,3,1.0,2,1,0,1,0,0,1,0,715.0,0.3333333333333333,0,False,False
438,3290000.0,5880,3,1.0,1,1,0,0,0,0,0,1,1960.0,0.3333333333333333,0,False,True
439,3255000.0,4500,2,1.0,1,0,0,0,0,0,0,0,2250.0,0.5,0,True,False
440,3255000.0,3930,2,1.0,1,0,0,0,0,0,0,0,1965.0,0.5,0,False,True
441,3234000.0,3640,4,1.0,2,1,0,1,0,0,0,0,910.0,0.25,0,False,True
442,3220000.0,4370,3,1.0,2,1,0,0,0,0,0,0,1456.6666666666667,0.3333333333333333,0,False,True
443,3220000.0,2684,2,1.0,1,1,0,0,0,1,0,1,1342.0,0.5,0,False,True
444,3220000.0,4320,3,1.0,1,0,0,0,0,0,0,1,1440.0,0.3333333333333333,0,False,True
445,3220000.0,3120,3,1.0,2,0,0,0,0,0,0,0,1040.0,0.3333333333333333,0,False,False
446,3150000.0,3450,1,1.0,1,1,0,0,0,0,0,0,3450.0,1.0,0,False,False
447,3150000.0,3986,2,2.0,1,0,1,1,0,0,0,1,1993.0,1.0,0,False,True
448,3150000.0,3500,2,1.0,1,0,0,1,0,0,0,0,1750.0,0.5,0,True,False
449,3150000.0,4095,2,1.0,1,1,0,0,0,0,0,2,2047.5,0.5,0,True,False
450,3150000.0,1650,3,1.0,2,0,0,1,0,0,0,0,550.0,0.3333333333333333,0,False,True
451,3150000.0,3450,3,1.0,2,1,0,1,0,0,0,0,1150.0,0.3333333333333333,0,True,False
452,3150000.0,6750,2,1.0,1,1,0,0,0,0,0,0,3375.0,0.5,0,True,False
453,3150000.0,9000,3,1.0,2,1,0,0,0,0,0,2,3000.0,0.3333333333333333,0,True,False
454,3150000.0,3069,2,1.0,1,1,0,0,0,0,0,1,1534.5,0.5,0,False,True
455,3143000.0,4500,3,1.0,2,1,0,0,0,1,0,0,1500.0,0.3333333333333333,0,False,True
456,3129000.0,5495,3,1.0,1,1,0,1,0,0,0,0,1831.6666666666667,0.3333333333333333,0,False,True
457,3118850.0,2398,3,1.0,1,1,0,0,0,0,1,0,799.3333333333334,0.3333333333333333,0,True,False
458,3115000.0,3000,3,1.0,1,0,0,0,0,1,0,0,1000.0,0.3333333333333333,0,False,True
459,3115000.0,3850,3,1.0,2,1,0,0,0,0,0,0,1283.3333333333333,0.3333333333333333,0,False,True
460,3115000.0,3500,2,1.0,1,1,0,0,0,0,0,0,1750.0,0.5,0,False,True
461,3087000.0,8100,2,1.0,1,1,0,0,0,0,0,1,4050.0,0.5,0,False,True
462,3080000.0,4960,2,1.0,1,1,0,1,0,1,0,0,2480.0,0.5,0,False,True
463,3080000.0,2160,3,1.0,2,0,0,1,0,0,0,0,720.0,0.3333333333333333,0,True,False
464,3080000.0,3090,2,1.0,1,1,1,1,0,0,0,0,1545.0,0.5,0,False,True
465,3080000.0,4500,2,1.0,2,1,0,0,1,0,0,1,2250.0,0.5,0,True,False
466,3045000.0,3800,2,1.0,1,1,0,0,0,0,0,0,1900.0,0.5,0,False,True
467,3010000.0,3090,3,1.0,2,0,0,0,0,0,0,0,1030.0,0.3333333333333333,0,True,False
468,3010000.0,3240,3,1.0,2,1,0,0,0,0,0,2,1080.0,0.3333333333333333,0,True,False
469,3010000.0,2835,2,1.0,1,1,0,0,0,0,0,0,1417.5,0.5,0,True,False
470,3010000.0,4600,2,1.0,1,1,0,0,0,0,0,0,2300.0,0.5,0,False,False
471,3010000.0,5076,3,1.0,1,0,0,0,0,0,0,0,1692.0,0.3333333333333333,0,False,True
472,3010000.0,3750,3,1.0,2,1,0,0,0,0,0,0,1250.0,0.3333333333333333,0,False,True
473,3010000.0,3630,4,1.0,2,1,0,0,0,0,0,3,907.5,0.25,0,True,False
474,3003000.0,8050,2,1.0,1,1,0,0,0,0,0,0,4025.0,0.5,0,False,True
475,2975000.0,4352,4,1.0,2,0,0,0,0,0,0,1,1088.0,0.25,0,False,True
476,2961000.0,3000,2,1.0,2,1,0,0,0,0,0,0,1500.0,0.5,0,True,False
477,2940000.0,5850,3,1.0,2,1,0,1,0,0,0,1,1950.0,0.3333333333333333,0,False,True
478,2940000.0,4960,2,1.0,1,1,0,0,0,0,0,0,2480.0,0.5,0,False,True
479,2940000.0,3600,3,1.0,2,0,0,0,0,0,0,1,1200.0,0.3333333333333333,0,False,True
480,2940000.0,3660,4,1.0,2,0,0,0,0,0,0,0,915.0,0.25,0,False,True
481,2940000.0,3480,3,1.0,2,0,0,0,0,0,0,1,1160.0,0.3333333333333333,0,True,False
482,2940000.0,2700,2,1.0,1,0,0,0,0,0,0,0,1350.0,0.5,0,False,False
483,2940000.0,3150,3,1.0,2,0,0,0,0,0,0,0,1050.0,0.3333333333333333,0,False,True
484,2940000.0,6615,3,1.0,2,1,0,0,0,0,0,0,2205.0,0.3333333333333333,0,True,False
485,2870000.0,3040,2,1.0,1,0,0,0,0,0,0,0,1520.0,0.5,0,False,True
486,2870000.0,3630,2,1.0,1,1,0,0,0,0,0,0,1815.0,0.5,0,False,True
487,2870000.0,6000,2,1.0,1,1,0,0,0,0,0,0,3000.0,0.5,0,True,False
488,2870000.0,5400,4,1.0,2,1,0,0,0,0,0,0,1350.0,0.25,0,False,True
489,2852500.0,5200,4,1.0,3,1,0,0,0,0,0,0,1300.0,0.25,0,False,True
490,2835000.0,3300,3,1.0,2,0,0,0,0,0,0,1,1100.0,0.3333333333333333,0,True,False
491,2835000.0,4350,3,1.0,2,0,0,0,1,0,0,1,1450.0,0.3333333333333333,0,False,True
492,2835000.0,2640,2,1.0,1,0,0,0,0,0,0,1,1320.0,0.5,0,False,False
493,2800000.0,2650,3,1.0,2,1,0,1,0,0,0,1,883.3333333333334,0.3333333333333333,0,False,True
494,2800000.0,3960,3,1.0,1,1,0,0,0,0,0,0,1320.0,0.3333333333333333,0,False,False
495,2730000.0,6800,2,1.0,1,1,0,0,0,0,0,0,3400.0,0.5,0,False,True
496,2730000.0,4000,3,1.0,2,1,0,0,0,0,0,1,1333.3333333333333,0.3333333333333333,0,False,True
497,2695000.0,4000,2,1.0,1,1,0,0,0,0,0,0,2000.0,0.5,0,False,True
498,2660000.0,3934,2,1.0,1,1,0,0,0,0,0,0,1967.0,0.5,0,False,True
499,2660000.0,2000,2,1.0,2,1,0,0,0,0,0,0,1000.0,0.5,0,True,False
500,2660000.0,3630,3,3.0,2,0,1,0,0,0,0,0,1210.0,1.0,0,False,True
501,2660000.0,2800,3,1.0,1,1,0,0,0,0,0,0,933.3333333333334,0.3333333333333333,0,False,True
502,2660000.0,2430,3,1.0,1,0,0,0,0,0,0,0,810.0,0.3333333333333333,0,False,True
503,2660000.0,3480,2,1.0,1,1,0,0,0,0,0,1,1740.0,0.5,0,True,False
504,2660000.0,4000,3,1.0,1,1,0,0,0,0,0,0,1333.3333333333333,0.3333333333333333,0,True,False
505,2653000.0,3185,2,1.0,1,1,0,0,0,1,0,0,1592.5,0.5,0,False,True
506,2653000.0,4000,3,1.0,2,1,0,0,0,1,0,0,1333.3333333333333,0.3333333333333333,0,False,True
507,2604000.0,2910,2,1.0,1,0,0,0,0,0,0,0,1455.0,0.5,0,False,True
508,2590000.0,3600,2,1.0,1,1,0,0,0,0,0,0,1800.0,0.5,0,False,True
509,2590000.0,4400,2,1.0,1,1,0,0,0,0,0,0,2200.0,0.5,0,False,True
510,2590000.0,3600,2,2.0,2,1,0,1,0,0,0,1,1800.0,1.0,0,False,False
511,2520000.0,2880,3,1.0,1,0,0,0,0,0,0,0,960.0,0.3333333333333333,0,False,True
512,2520000.0,3180,3,1.0,1,0,0,0,0,0,0,0,1060.0,0.3333333333333333,0,False,True
513,2520000.0,3000,2,1.0,2,1,0,0,0,0,0,0,1500.0,0.5,0,False,False
514,2485000.0,4400,3,1.0,2,1,0,0,0,0,0,0,1466.6666666666667,0.3333333333333333,0,False,True
515,2485000.0,3000,3,1.0,2,0,0,0,0,0,0,0,1000.0,0.3333333333333333,0,True,False
516,2450000.0,3210,3,1.0,2,1,0,1,0,0,0,0,1070.0,0.3333333333333333,0,False,True
517,2450000.0,3240,2,1.0,1,0,1,0,0,0,0,1,1620.0,0.5,0,False,True
518,2450000.0,3000,2,1.0,1,1,0,0,0,0,0,1,1500.0,0.5,0,False,True
519,2450000.0,3500,2,1.0,1,1,1,0,0,0,0,0,1750.0,0.5,0,False,True
520,2450000.0,4840,2,1.0,2,1,0,0,0,0,0,0,2420.0,0.5,0,False,True
521,2450000.0,7700,2,1.0,1,1,0,0,0,0,0,0,3850.0,0.5,0,False,True
522,2408000.0,3635,2,1.0,1,0,0,0,0,0,0,0,1817.5,0.5,0,False,True
523,2380000.0,2475,3,1.0,2,1,0,0,0,0,0,0,825.0,0.3333333333333333,0,False,False
524,2380000.0,2787,4,2.0,2,1,0,0,0,0,0,0,696.75,0.5,0,False,False
525,2380000.0,3264,2,1.0,1,1,0,0,0,0,0,0,1632.0,0.5,0,False,True
526,2345000.0,3640,2,1.0,1,1,0,0,0,0,0,0,1820.0,0.5,0,False,True
527,2310000.0,3180,2,1.0,1,1,0,0,0,0,0,0,1590.0,0.5,0,False,True
528,2275000.0,1836,2,1.0,1,0,0,1,0,0,0,0,918.0,0.5,0,True,False
529,2275000.0,3970,1,1.0,1,0,0,0,0,0,0,0,3970.0,1.0,0,False,True
530,2275000.0,3970,3,1.0,2,1,0,1,0,0,0,0,1323.3333333333333,0.3333333333333333,0,False,True
531,2240000.0,1950,3,1.0,1,0,0,0,1,0,0,0,650.0,0.3333333333333333,0,False,True
532,2233000.0,5300,3,1.0,1,0,0,0,0,1,1,0,1766.6666666666667,0.3333333333333333,0,False,True
533,2135000.0,3000,2,1.0,1,0,0,0,0,0,0,0,1500.0,0.5,0,False,True
534,2100000.0,2400,3,1.0,2,1,0,0,0,0,0,0,800.0,0.3333333333333333,0,False,True
535,2100000.0,3000,4,1.0,2,1,0,0,0,0,0,0,750.0,0.25,0,False,True
536,2100000.0,3360,2,1.0,1,1,0,0,0,0,0,1,1680.0,0.5,0,False,True
537,1960000.0,3420,5,1.0,2,0,0,0,0,0,0,0,684.0,0.2,0,False,True
538,1890000.0,1700,3,1.0,2,1,0,0,0,0,0,0,566.6666666666666,0.3333333333333333,0,False,True
539,1890000.0,3649,2,1.0,1,1,0,0,0,0,0,0,1824.5,0.5,0,False,True
540,1855000.0,2990,2,1.0,1,0,0,0,0,0,0,1,1495.0,0.5,0,False,True
541,1820000.0,3000,2,1.0,1,1,0,1,0,0,0,2,1500.0,0.5,0,False,True
542,1767150.0,2400,3,1.0,1,0,0,0,0,0,0,0,800.0,0.3333333333333333,0,True,False
543,1750000.0,3620,2,1.0,1,1,0,0,0,0,0,0,1810.0,0.5,0,False,True
544,1750000.0,2910,3,1.0,1,0,0,0,0,0,0,0,970.0,0.3333333333333333,0,False,False
545,1750000.0,3850,3,1.0,2,1,0,0,0,0,0,0,1283.3333333333333,0.3333333333333333,0,False,True
